ID,Nombre,Categoría,Tecnología,Canal,Objetivo,Vertical,Presupuesto,Probabilidad_Éxito,Complejidad,Prioridad,Descripción
1,Smart Personalization Boost Campaign,Personalización con IA,Machine Learning,Redes Sociales,Aumentar conversiones,E-commerce,25000,0.87,Media,Alta,"Implementa algoritmos de Machine Learning para personalizar experiencias únicas en Redes Sociales, adaptando contenido y ofertas en tiempo real según el comportamiento del usuario."
2,AI-Powered Predictive Analytics Strategy,Análisis Predictivo,Deep Learning,Email Marketing,Mejorar engagement,Fintech,45000,0.92,Alta,Crítica,"Aplica Deep Learning para predecir tendencias de mercado y comportamiento del consumidor en Email Marketing, permitiendo decisiones estratégicas basadas en datos."
3,Intelligent Chatbot Experience Initiative,Chatbots y Asistentes Virtuales,NLP,E-commerce,Generar leads,Healthcare,18000,0.89,Media,Alta,"Desarrolla chatbots inteligentes con NLP para E-commerce que proporcionan soporte 24/7 y guían a los usuarios a través del embudo de conversión."
4,Dynamic Content Generation Program,Generación de Contenido,Generative AI,Content Marketing,Aumentar ventas,Fashion,32000,0.85,Alta,Media,"Utiliza Generative AI para generar automáticamente contenido personalizado y relevante para Content Marketing, incluyendo textos, imágenes y videos."
5,Adaptive Conversion Optimization Solution,Optimización de Conversión,Reinforcement Learning,SEM/PPC,Mejorar retención,Technology,55000,0.94,Alta,Crítica,"Aplica Reinforcement Learning para optimizar continuamente la tasa de conversión en SEM/PPC mediante testing automático y ajustes en tiempo real."
6,Neural Segmentation Enhancement Campaign,Segmentación Avanzada,Neural Networks,Display Advertising,Optimizar ROI,Real Estate,22000,0.83,Media,Alta,"Implementa Neural Networks para crear segmentación avanzada de audiencias en Display Advertising, mejorando la precisión del targeting."
7,Cognitive Marketing Automation Program,Automatización de Marketing,Computer Vision,Mobile Marketing,Expandir alcance,Travel & Tourism,28000,0.88,Alta,Media,"Utiliza Computer Vision para automatizar procesos de marketing en Mobile Marketing, optimizando la experiencia del usuario móvil."
8,Predictive Sentiment Analysis Initiative,Análisis de Sentimientos,Sentiment Analysis,Influencer Marketing,Mejorar experiencia de usuario,Food & Beverage,15000,0.81,Media,Media,"Aplica Sentiment Analysis para analizar el sentimiento de la audiencia en Influencer Marketing y ajustar estrategias en tiempo real."
9,Deep Recommendation Engine Strategy,Recomendaciones Inteligentes,Recommendation Engines,Video Marketing,Reducir costos,Entertainment,35000,0.90,Alta,Alta,"Desarrolla un motor de recomendaciones inteligente con Recommendation Engines para Video Marketing que personaliza el contenido según las preferencias del usuario."
10,AI Visual Marketing Optimization,Marketing Visual con IA,Computer Vision,Social Media,Aumentar brand awareness,Fitness & Wellness,19000,0.86,Media,Alta,"Implementa Computer Vision para optimizar el marketing visual en Social Media, creando contenido visual atractivo y personalizado."
11,Smart Email Personalization Campaign,Personalización con IA,Machine Learning,Email Marketing,Aumentar conversiones,E-commerce,26000,0.88,Media,Alta,"Utiliza Machine Learning para personalizar emails en Email Marketing, adaptando contenido y ofertas según el comportamiento del usuario."
12,Intelligent Predictive Lead Scoring,Análisis Predictivo,Deep Learning,Marketing Automation,Generar leads,Fintech,42000,0.91,Alta,Crítica,"Implementa Deep Learning para scoring predictivo de leads en Marketing Automation, identificando prospectos de alta calidad."
13,Advanced Chatbot Customer Service,Chatbots y Asistentes Virtuales,NLP,Website,Mejorar experiencia de usuario,Healthcare,21000,0.87,Media,Alta,"Desarrolla chatbots avanzados con NLP para atención al cliente en Website, proporcionando respuestas instantáneas y precisas."
14,Automated Content Creation System,Generación de Contenido,Generative AI,Blog,Mejorar engagement,Fashion,24000,0.84,Alta,Media,"Crea un sistema automatizado de generación de contenido con Generative AI para Blog, produciendo artículos relevantes y atractivos."
15,Real-time Conversion Optimization,Optimización de Conversión,Reinforcement Learning,Landing Pages,Optimizar ROI,Technology,48000,0.93,Alta,Crítica,"Implementa Reinforcement Learning para optimización en tiempo real de conversiones en Landing Pages, ajustando elementos dinámicamente."
16,AI-Powered Audience Segmentation,Segmentación Avanzada,Neural Networks,Facebook Ads,Expandir alcance,Real Estate,18000,0.82,Media,Media,"Utiliza Neural Networks para segmentación avanzada de audiencias en Facebook Ads, mejorando la precisión del targeting."
17,Intelligent Marketing Workflow Automation,Automatización de Marketing,Computer Vision,Email Marketing,Reducir costos,Travel & Tourism,31000,0.89,Alta,Alta,"Automatiza flujos de trabajo de marketing con Computer Vision en Email Marketing, optimizando procesos y reduciendo costos operativos."
18,Social Media Sentiment Monitoring,Análisis de Sentimientos,Sentiment Analysis,Social Media,Mejorar engagement,Food & Beverage,16000,0.80,Media,Media,"Monitorea el sentimiento en redes sociales con Sentiment Analysis, ajustando estrategias de Social Media según la percepción de la marca."
19,Personalized Video Recommendations,Recomendaciones Inteligentes,Recommendation Engines,YouTube,Mejorar retención,Entertainment,33000,0.87,Alta,Alta,"Desarrolla un sistema de recomendaciones personalizadas de videos con Recommendation Engines para YouTube, aumentando el tiempo de visualización."
20,AI Visual Content Optimization,Marketing Visual con IA,Computer Vision,Instagram,Aumentar brand awareness,Fitness & Wellness,20000,0.85,Media,Alta,"Optimiza contenido visual con Computer Vision en Instagram, creando imágenes y videos atractivos que resuenan con la audiencia."


