Categoria,Subcategoria,Anchor_Text
"formula_basica","","No Esperes Más Desbloquea tu Potencial con IA Marketing para Pymes - Funciona Siempre"
"formula_basica","","IA Marketing que desbloquea tu potencial para Marketers - Sin Riesgo"
"formula_basica","","IA Marketing para Pymes - Revoluciona tu Estrategia Garantizado"
"formula_basica","","Solo Hoy Alcanza tus Metas con IA Marketing para E-commerce - Éxito Asegurado"
"formula_basica","","IA Marketing para Expertos - Aumenta Conversiones Funciona Siempre"
"formula_basica","","No te Quedes Atrás Triunfa Siempre con IA Marketing para Expertos - Comprobado"
"formula_basica","","No te Quedes Atrás Supera la Competencia con IA Marketing para Freelancers - Éxito Asegurado"
"formula_basica","","Última Oportunidad IA Marketing para E-commerce - Domina el Mercado"
"formula_basica","","Último Día Alcanza tus Metas con IA Marketing para Profesionales - Garantizado"
"formula_basica","","Optimiza Resultados con IA Marketing para Principiantes - Última Oportunidad"
"formula_basica","","Última Oportunidad Revoluciona tu Estrategia con IA Marketing para Freelancers - 100% Efectivo"
"formula_basica","","IA Marketing que aumenta conversiones para Agencias - 100% Efectivo"
"formula_basica","","Última Oportunidad Supera la Competencia con IA Marketing para Marketers - Sin Riesgo"
"formula_basica","","IA Marketing que transforma tu negocio para Startups - Sin Riesgo"
"formula_basica","","IA Marketing que optimiza resultados para Pymes - Funciona Siempre"
"formula_basica","","IA Marketing que desbloquea tu potencial para Startups - Validado"
"formula_basica","","IA Marketing que alcanza tus metas para Marketers - Sin Fracasos"
"formula_basica","","IA Marketing que supera la competencia para Empresas - 100% Efectivo"
"formula_basica","","No te Quedes Atrás IA Marketing para E-commerce - Alcanza tus Metas"
"formula_basica","","IA Marketing para Agencias - Transforma tu Negocio 100% Efectivo"
"formula_basica","","Fin de Oferta IA Marketing para Startups - Triunfa Siempre"
"formula_basica","","Última Oportunidad Multiplica Ventas con IA Marketing para Expertos - Verificado"
"formula_basica","","IA Marketing para Emprendedores - Supera la Competencia 100% Efectivo"
"formula_basica","","No Esperes Más Revoluciona tu Estrategia con IA Marketing para Principiantes - Verificado"
"formula_basica","","Oferta Limitada Domina el Mercado con IA Marketing para Agencias - Resultados Comprobados"
"formula_master","","Domina IA Marketing Restaurantes para Startups - Optimiza Resultados HOY"
"formula_master","","Domina IA Marketing Inmobiliaria para Pymes - Domina el Mercado en 30 Días"
"formula_master","","Solo 24 Horas Multiplica Ventas con IA Marketing para Consultores en Salud - Éxito Asegurado"
"formula_master","","IA Marketing Inmobiliaria que optimiza resultados para Expertos - Éxito Asegurado"
"formula_master","","IA Marketing Servicios Profesionales para Startups - Triunfa Siempre HOY - Validado"
"formula_master","","Domina IA Marketing Educación para Pymes - Aumenta Conversiones en 1 Año"
"formula_master","","IA Marketing Tecnología para Agencias - Revoluciona tu Estrategia HOY - Validado"
"formula_master","","IA Marketing Tecnología que multiplica ventas para Agencias - 100% Efectivo"
"formula_master","","Solo por Tiempo Limitado IA Marketing para Principiantes Educación - Alcanza tus Metas Resultados Comprobados"
"formula_master","","IA Marketing Restaurantes que transforma tu negocio para Empresas - 100% Efectivo"
"formula_master","","IA Marketing Consultoría para Emprendedores - Multiplica Ventas Esta Semana - Garantizado"
"formula_master","","IA Marketing Restaurantes para E-commerce - Optimiza Resultados en 1 Año - Testado"
"formula_master","","IA Marketing Restaurantes que alcanza tus metas para Startups - Funciona Siempre"
"formula_master","","IA Marketing Finanzas para Startups - Domina el Mercado Sin Esperas - Resultados Comprobados"
"formula_master","","Último Día IA Marketing para Freelancers Servicios Profesionales - Triunfa Siempre Sin Fracasos"
"formula_master","","Antes de que Sea Tarde Aumenta Conversiones con IA Marketing para Pymes en Educación - Validado"
"formula_master","","Fin de Oferta Multiplica Ventas con IA Marketing para Freelancers en Educación - Sin Riesgo"
"formula_master","","Antes de que Sea Tarde IA Marketing para Startups Finanzas - Revoluciona tu Estrategia Garantizado"
"formula_master","","IA Marketing Finanzas que transforma tu negocio para Freelancers - Validado"
"formula_master","","Solo Hoy IA Marketing para Startups Consultoría - Revoluciona tu Estrategia Éxito Asegurado"
"formula_master","","IA Marketing E-commerce para Marketers - Aumenta Conversiones en 1 Año - Testado"
"formula_master","","Última Oportunidad IA Marketing para Empresas Finanzas - Conquista el Éxito Resultados Comprobados"
"formula_master","","Domina IA Marketing Restaurantes para Freelancers - Alcanza tus Metas en 1 Año"
"formula_master","","Domina IA Marketing Finanzas para Marketers - Transforma tu Negocio Sin Esperas"
"formula_master","","Domina IA Marketing Servicios Profesionales para Freelancers - Domina el Mercado en 1 Año"
"por_industria","E-commerce","Domina IA Marketing en E-commerce - Aumenta Conversiones"
"por_industria","E-commerce","IA Marketing para E-commerce - Aumenta Conversiones Este Mes"
"por_industria","E-commerce","Domina IA Marketing en E-commerce - Maximiza ROI"
"por_industria","E-commerce","IA Marketing E-commerce que revoluciona tu estrategia - Sin Fracasos"
"por_industria","E-commerce","IA Marketing E-commerce que conquista el éxito - Testado"
"por_industria","Salud","Antes de que Sea Tarde IA Marketing Salud - Sin Riesgo"
"por_industria","Salud","IA Marketing Salud - Triunfa Siempre Comprobado"
"por_industria","Salud","Domina IA Marketing en Salud - Multiplica Ventas"
"por_industria","Salud","Actúa Ya IA Marketing Salud - Testado"
"por_industria","Salud","IA Marketing Salud - Maximiza ROI Testado"
"por_industria","Inmobiliaria","No Esperes Más IA Marketing Inmobiliaria - Verificado"
"por_industria","Inmobiliaria","Domina IA Marketing en Inmobiliaria - Transforma tu Negocio"
"por_industria","Inmobiliaria","IA Marketing Inmobiliaria - Optimiza Resultados Resultados Comprobados"
"por_industria","Inmobiliaria","IA Marketing Inmobiliaria que desbloquea tu potencial - Éxito Asegurado"
"por_industria","Inmobiliaria","IA Marketing para Inmobiliaria - Optimiza Resultados Este Mes"
"por_industria","Educación","IA Marketing para Educación - Transforma tu Negocio Este Mes"
"por_industria","Educación","IA Marketing Educación que triunfa siempre - Funciona Siempre"
"por_industria","Educación","IA Marketing Educación que optimiza resultados - Verificado"
"por_industria","Educación","IA Marketing Educación que supera la competencia - Garantizado"
"por_industria","Educación","IA Marketing Educación - Conquista el Éxito Validado"
"por_industria","Servicios Profesionales","IA Marketing Servicios Profesionales - Alcanza tus Metas Testado"
"por_industria","Servicios Profesionales","IA Marketing para Servicios Profesionales - Conquista el Éxito en 1 Año"
"por_industria","Servicios Profesionales","IA Marketing para Servicios Profesionales - Supera la Competencia Sin Esperas"
"por_industria","Servicios Profesionales","Domina IA Marketing en Servicios Profesionales - Triunfa Siempre"
"por_industria","Servicios Profesionales","Domina IA Marketing en Servicios Profesionales - Alcanza tus Metas"
"por_tono","urgente","Actúa Ya Conquista el Éxito con IA Marketing"
"por_tono","urgente","No Esperes Más Alcanza tus Metas con IA Marketing"
"por_tono","urgente","Actúa Ya Aumenta Conversiones con IA Marketing"
"por_tono","urgente","Fin de Oferta Conquista el Éxito con IA Marketing"
"por_tono","urgente","No te Quedes Atrás Maximiza ROI con IA Marketing"
"por_tono","premium","IA Marketing Master para Freelancers"
"por_tono","premium","IA Marketing Elite para Principiantes"
"por_tono","premium","IA Marketing Exclusivo para Startups"
"por_tono","premium","IA Marketing Premium para Profesionales"
"por_tono","premium","IA Marketing Elite para Emprendedores"
"por_tono","educativo","Descubre IA Marketing Técnicas"
"por_tono","educativo","Entiende IA Marketing Estrategias"
"por_tono","educativo","Aprende IA Marketing Herramientas"
"por_tono","educativo","Comprende IA Marketing Métodos"
"por_tono","educativo","Entiende IA Marketing Estrategias"
"por_tono","motivacional","Supera el Victoria con IA Marketing"
"por_tono","motivacional","Supera el Triunfo con IA Marketing"
"por_tono","motivacional","Domina el Triunfo con IA Marketing"
"por_tono","motivacional","Conquista el Triunfo con IA Marketing"
"por_tono","motivacional","Conquista el Triunfo con IA Marketing"
"por_tono","técnico","Optimiza tu Conversión con IA Marketing"
"por_tono","técnico","Automatiza tu Ventas con IA Marketing"
"por_tono","técnico","Automatiza tu Marketing con IA Marketing"
"por_tono","técnico","Datos tu Conversión con IA Marketing"
"por_tono","técnico","Optimiza tu Conversión con IA Marketing"
"por_objetivo","leads","IA Marketing para Aumenta Inscripciones para Agencias - Éxito Asegurado"
"por_objetivo","leads","Domina Genera Más Leads con IA Marketing para E-commerce"
"por_objetivo","leads","Genera Más Leads con IA Marketing para Emprendedores - Resultados Comprobados"
"por_objetivo","leads","Domina Captura Prospectos con IA Marketing para Marketers"
"por_objetivo","leads","IA Marketing que atrae clientes para Profesionales - Sin Riesgo"
"por_objetivo","ventas","Aumenta Ventas con IA Marketing para Agencias - Resultados Comprobados"
"por_objetivo","ventas","IA Marketing que maximiza facturación para E-commerce - Éxito Asegurado"
"por_objetivo","ventas","IA Marketing que aumenta ventas para E-commerce - Verificado"
"por_objetivo","ventas","IA Marketing que incrementa ingresos para Empresas - Sin Fracasos"
"por_objetivo","ventas","IA Marketing que maximiza facturación para Agencias - Garantizado"
"por_objetivo","retention","IA Marketing que mejora engagement para Startups - Funciona Siempre"
"por_objetivo","retention","IA Marketing que mejora engagement para Emprendedores - Validado"
"por_objetivo","retention","Mejora Engagement con IA Marketing para E-commerce - Resultados Comprobados"
"por_objetivo","retention","Retiene Usuarios con IA Marketing para Profesionales - Resultados Comprobados"
"por_objetivo","retention","Aumenta Lifetime Value con IA Marketing para Emprendedores - Resultados Comprobados"
"por_objetivo","branding","Domina Aumenta Reconocimiento con IA Marketing para Expertos"
"por_objetivo","branding","Fortalece Posicionamiento con IA Marketing para Empresas - Resultados Comprobados"
"por_objetivo","branding","IA Marketing para Aumenta Reconocimiento para Profesionales - Sin Riesgo"
"por_objetivo","branding","IA Marketing para Expertos - Mejora Reputación Efectiva"
"por_objetivo","branding","IA Marketing para Principiantes - Aumenta Reconocimiento Efectiva"
