Tecnolog√≠a IA,Capacidad,Precisi√≥n %,Velocidad,ROI,Estado,Implementaci√≥n
INTELIGENCIA ARTIFICIAL GENERAL,,,,,,
AGI (IA General),Razonamiento humano,95%,Tiempo real,1000%,üîÑ Desarrollo,OpenAI GPT-5
Superinteligencia,Capacidad sobrehumana,99.9%,Instant√°neo,2000%,üîÑ Desarrollo,AGI+ Quantum
IA Consciente,Autoconciencia,90%,Tiempo real,800%,üîÑ Desarrollo,Neuralink + AGI
IA Emocional,Comprensi√≥n emocional,85%,Tiempo real,600%,‚úÖ Activo,GPT-4 + Emoci√≥n
,,,,,,
APRENDIZAJE AUTOM√ÅTICO AVANZADO,,,,,,
Aprendizaje Federado,Privacidad total,92%,Distribuido,400%,‚úÖ Activo,Google FL
Aprendizaje por Transferencia,Adaptaci√≥n r√°pida,88%,R√°pido,350%,‚úÖ Activo,OpenAI
Aprendizaje por Refuerzo,Optimizaci√≥n continua,90%,Iterativo,500%,‚úÖ Activo,DeepMind
Aprendizaje No Supervisado,Descubrimiento autom√°tico,85%,Continuo,300%,‚úÖ Activo,Facebook
,,,,,,
PROCESAMIENTO DE LENGUAJE NATURAL,,,,,,
NLP Multimodal,Texto + Imagen + Audio,95%,Tiempo real,700%,‚úÖ Activo,GPT-4V
Traducci√≥n Universal,1000+ idiomas,98%,Instant√°neo,600%,‚úÖ Activo,Google Translate
Generaci√≥n de C√≥digo,C√≥digo autom√°tico,90%,R√°pido,800%,‚úÖ Activo,GitHub Copilot
An√°lisis de Sentimientos,Emociones en texto,92%,Tiempo real,400%,‚úÖ Activo,IBM Watson
,,,,,,
VISI√ìN POR COMPUTADORA,,,,,,
Reconocimiento de Objetos,Identificaci√≥n visual,98%,Tiempo real,500%,‚úÖ Activo,YOLO v8
An√°lisis de Im√°genes M√©dicas,Diagn√≥stico visual,95%,R√°pido,600%,‚úÖ Activo,Google Health
Reconocimiento Facial,Identificaci√≥n facial,99%,Instant√°neo,400%,‚úÖ Activo,Face ID
An√°lisis de Video,Comprensi√≥n de video,90%,Tiempo real,450%,‚úÖ Activo,OpenAI Sora
,,,,,,
ROB√ìTICA AVANZADA,,,,,,
Robots Humanoides,Interacci√≥n natural,85%,Tiempo real,600%,üîÑ Desarrollo,Boston Dynamics
Robots de Servicio,Asistencia personal,90%,R√°pido,500%,‚úÖ Activo,Amazon Astro
Robots Industriales,Automatizaci√≥n total,95%,R√°pido,700%,‚úÖ Activo,Fanuc
Robots M√©dicos,Cirug√≠a precisa,99%,Lento,800%,‚úÖ Activo,da Vinci
