Sistema Infinito,Capacidad Infinita,PrecisiÃ³n %,Velocidad,ROI,Estado,ImplementaciÃ³n
INFINITO MATEMÃTICO,,,,,,
CÃ¡lculos Infinitos,Procesamiento infinito,100%,InstantÃ¡neo,âˆ%,ğŸ”„ Desarrollo,MatemÃ¡ticas infinitas
Memoria Infinita,Almacenamiento infinito,100%,InstantÃ¡neo,âˆ%,ğŸ”„ Desarrollo,Memoria infinita
Velocidad Infinita,Procesamiento instantÃ¡neo,100%,InstantÃ¡neo,âˆ%,ğŸ”„ Desarrollo,Velocidad infinita
PrecisiÃ³n Infinita,Exactitud perfecta,100%,InstantÃ¡neo,âˆ%,ğŸ”„ Desarrollo,PrecisiÃ³n infinita
,,,,,,
INFINITO FÃSICO,,,,,,
EnergÃ­a Infinita,EnergÃ­a ilimitada,100%,Continuo,âˆ%,ğŸ”„ Desarrollo,EnergÃ­a infinita
Espacio Infinito,Espacio ilimitado,100%,Continuo,âˆ%,ğŸ”„ Desarrollo,Espacio infinito
Tiempo Infinito,Tiempo ilimitado,100%,Continuo,âˆ%,ğŸ”„ Desarrollo,Tiempo infinito
Materia Infinita,Materia ilimitada,100%,Continuo,âˆ%,ğŸ”„ Desarrollo,Materia infinita
,,,,,,
INFINITO MENTAL,,,,,,
Conocimiento Infinito,Saber todo,100%,InstantÃ¡neo,âˆ%,ğŸ”„ Desarrollo,Conocimiento infinito
SabidurÃ­a Infinita,Entender todo,100%,InstantÃ¡neo,âˆ%,ğŸ”„ Desarrollo,SabidurÃ­a infinita
Inteligencia Infinita,Comprender todo,100%,InstantÃ¡neo,âˆ%,ğŸ”„ Desarrollo,Inteligencia infinita
Conciencia Infinita,Ser consciente de todo,100%,InstantÃ¡neo,âˆ%,ğŸ”„ Desarrollo,Conciencia infinita
,,,,,,
INFINITO ESPIRITUAL,,,,,,
Amor Infinito,Amar infinitamente,100%,Continuo,âˆ%,ğŸ”„ Desarrollo,Amor infinito
Paz Infinita,Paz eterna,100%,Continuo,âˆ%,ğŸ”„ Desarrollo,Paz infinita
AlegrÃ­a Infinita,AlegrÃ­a eterna,100%,Continuo,âˆ%,ğŸ”„ Desarrollo,AlegrÃ­a infinita
Felicidad Infinita,Felicidad eterna,100%,Continuo,âˆ%,ğŸ”„ Desarrollo,Felicidad infinita
