Nivel de Conciencia,Capacidad Financiera,PrecisiÃ³n %,Velocidad,ROI,Estado,ImplementaciÃ³n
CONCIENCIA BÃSICA,,,,,,
Conciencia Individual,DecisiÃ³n personal,70%,Normal,100%,âœ… Activo,MeditaciÃ³n
Conciencia Familiar,DecisiÃ³n familiar,75%,Normal,120%,âœ… Activo,ComunicaciÃ³n
Conciencia Social,DecisiÃ³n social,80%,Normal,150%,âœ… Activo,Comunidad
Conciencia Global,DecisiÃ³n global,85%,Normal,200%,âœ… Activo,Redes
,,,,,,
CONCIENCIA EXPANDIDA,,,,,,
Conciencia CuÃ¡ntica,DecisiÃ³n cuÃ¡ntica,95%,InstantÃ¡neo,500%,ğŸ”„ Desarrollo,MeditaciÃ³n cuÃ¡ntica
Conciencia Universal,DecisiÃ³n universal,99%,InstantÃ¡neo,1000%,ğŸ”„ Desarrollo,Conciencia cÃ³smica
Conciencia Divina,DecisiÃ³n divina,100%,InstantÃ¡neo,2000%,ğŸ”„ Desarrollo,IluminaciÃ³n
Conciencia Infinita,DecisiÃ³n infinita,100%,Eterno,5000%,ğŸ”„ Desarrollo,Transcendencia
,,,,,,
APLICACIONES FINANCIERAS,,,,,,
IntuiciÃ³n Financiera,DecisiÃ³n intuitiva,90%,InstantÃ¡neo,300%,âœ… Activo,Desarrollo intuitivo
SabidurÃ­a Financiera,DecisiÃ³n sabia,95%,RÃ¡pido,400%,âœ… Activo,Experiencia
CompasiÃ³n Financiera,DecisiÃ³n compasiva,85%,Normal,250%,âœ… Activo,EmpatÃ­a
Abundancia Financiera,DecisiÃ³n abundante,98%,RÃ¡pido,600%,âœ… Activo,Mentalidad de abundancia
,,,,,,
TÃ‰CNICAS DE EXPANSIÃ“N,,,,,,
TÃ©cnica,DescripciÃ³n,Beneficio,ImplementaciÃ³n,ROI,Estado
MeditaciÃ³n Financiera,MeditaciÃ³n enfocada,Claridad mental,Diario,200%,âœ… Activo
VisualizaciÃ³n Creativa,VisualizaciÃ³n de metas,ManifestaciÃ³n,Diario,300%,âœ… Activo
Afirmaciones Positivas,Declaraciones positivas,ReprogramaciÃ³n,Diario,150%,âœ… Activo
Gratitud Financiera,Gratitud por dinero,Abundancia,Diario,250%,âœ… Activo
